Ent1,Ent2,Label,Resnik (avg),Resnik (max),Resnik (BMA),Lin (avg),Lin (max),Lin (BMA),Jiang-Conrath (avg),Jiang-Conrath (max),Jiang-Conrath (BMA),SimGIC,SimUI
Q16850,P48449,1,0.7773514797503863,1.8061161955146574,1.2948623447400553,0.09872354934312809,0.2425759919890206,0.1863072036667307,0.08621843575719106,0.17542266135903578,0.12292922355203559,0.01810924525888995,0.125
O75865,Q8IUR0,1,0.9353191044254094,0.9353191044254094,0.9353191044254094,1.0,1.0,1.0,1.0,1.0,1.0,1.0,1.0
Q16526,O00327,1,0.789958275038195,7.213915572679691,2.484148121422953,0.17909285392824806,1.0,0.6001547464626863,0.15232492755838142,1.0,0.4943950603195065,0.22187488499627617,0.32142857142857145
P07992,O60671,1,1.1753423449220268,6.863258701066521,4.0736310983349195,0.1974720759750076,1.0,0.7096948672115859,0.15501661612219225,1.0,0.46978336955954003,0.21704390621045086,0.3783783783783784
P00480,P00966,1,0.7027827380834716,6.982803851716304,2.811327159726644,0.13655378065046772,1.0,0.5169544928784928,0.1448650847720911,1.0,0.43306497152950163,0.14459789085632488,0.2647058823529412
P25789,P35998,1,0.5284862185936569,2.8224337792350545,1.6071837271162328,0.15482295146995478,1.0,0.5151839982850555,0.16586402231118275,1.0,0.37104254879719323,0.042774938175044484,0.14285714285714285
P25789,P49720,1,2.651041327601135,8.486881248492578,4.744863628249576,0.4941571943460617,1.0,1.0,0.43512766899282884,1.0,1.0,1.0,1.0
P25789,P17980,1,0.6606077732420711,2.8224337792350545,1.7348052146079778,0.2113083322857603,1.0,0.5899471021614735,0.20852197743197784,1.0,0.41991010922397076,0.05252163863637864,0.15625
P35250,P35249,1,1.6241320369623145,8.928714000771619,5.021046477351239,0.31507803578395355,1.0,1.0,0.30431967670374843,1.0,1.0,1.0,1.0
P35250,P12004,1,0.6386107825885272,5.154676738317375,2.5698546039088264,0.1455954824287031,1.0,0.5612635691433522,0.13125830641536604,1.0,0.37951864110641714,0.05701964738942558,0.12698412698412698
P35250,O75943,1,1.15428415920118,8.928714000771619,3.824156609029629,0.2479264502187334,1.0,0.8081838540576005,0.257105859117732,1.0,0.7431724216483384,0.7145716669067144,0.8
P82673,P82650,1,3.0130360751418195,6.026072150283639,4.519554112712729,0.5,1.0,0.75,0.5481318144466979,1.0,0.7740659072233489,0.5674576454992251,0.42857142857142855
P82673,P51398,1,1.466711141114313,6.026072150283639,3.813746001257127,0.3305648510826063,1.0,0.8305648510826062,0.3499859736988884,1.0,0.7999767292904684,0.2665643064328788,0.3181818181818182
P82673,Q9Y399,1,3.0130360751418195,6.026072150283639,4.519554112712729,0.5,1.0,0.75,0.5481318144466979,1.0,0.7740659072233489,0.5674576454992251,0.42857142857142855
P43686,P35998,1,1.5567552951543508,10.027326289439728,4.697709448948187,0.28558696852949367,1.0,0.9212496190645908,0.28680394651331986,1.0,0.912606329765584,0.8267218573562954,0.9
P43686,P49720,1,0.5826645145399536,2.8224337792350545,1.6178903265548015,0.17582067345028451,1.0,0.5367156139082598,0.18593147195642165,1.0,0.3948686929754789,0.049654346817903275,0.15625
P43686,P17980,1,1.0535670701760018,5.674900124542137,3.2571744476089797,0.27664584685963245,1.0,0.8709083001072044,0.2948087736542869,1.0,0.8007330004498792,0.8592421836624984,0.9285714285714286
P43686,Q16186,1,0.24324474355979264,0.9353191044254094,0.49016280948718205,0.09982082651088955,1.0,0.30615633459513797,0.13824098794538217,1.0,0.32760322942260744,0.00789028129680681,0.07317073170731707
O95168,O43920,1,3.6596380441687586,7.319276088337517,5.489457066253138,0.5,1.0,0.75,0.5540272145442946,1.0,0.7770136072721473,0.9841474262275253,0.9
O95168,O43677,1,7.319276088337517,7.319276088337517,7.319276088337517,1.0,1.0,1.0,1.0,1.0,1.0,1.0,1.0
O95168,O95178,1,7.319276088337517,7.319276088337517,7.319276088337517,1.0,1.0,1.0,1.0,1.0,1.0,1.0,1.0
Q9NW64,O60508,1,1.236612721733428,3.362067290287615,2.105065564619722,0.370545791551328,1.0,0.805020517725249,0.3078714415654989,1.0,0.7307351917313313,0.18484148577184187,0.42857142857142855
Q9NW64,P41223,1,0.3908653616873909,0.9353191044254094,0.604922056074013,0.14361520331859165,1.0,0.3671917908282597,0.1642300038936143,1.0,0.3679130088997534,0.013826792898985038,0.125
P31930,P14927,1,0.5388426464037337,0.9353191044254094,0.7370808754145716,0.3402006846686384,1.0,0.6701003423343193,0.34952377610414265,1.0,0.6747618880520714,0.012332566400856726,0.1111111111111111
P31930,O14957,1,1.4992057545852489,8.928714000771619,4.640885786540284,0.1808874102375398,1.0,0.5522185255938494,0.19700430263870622,1.0,0.45479155662931225,0.7368923877737167,0.6296296296296297
P31930,O14949,1,1.7857428001543236,8.928714000771619,5.357228400462971,0.2,1.0,0.6,0.2620377166267367,1.0,0.6310188583133683,0.7368923877737167,0.6296296296296297
Q99741,O43929,1,1.757292248059977,7.990444362178687,3.713920510920275,0.43701703244980916,1.0,0.9350080409282814,0.37140046610144645,1.0,0.9223572861718157,0.9040042127614816,0.9230769230769231
Q99741,Q7L590,1,1.2447094222793114,7.990444362178687,3.158157539025936,0.31299856687568156,1.0,0.788851578077237,0.23004503559586453,1.0,0.5855821250175777,0.354239592132099,0.43333333333333335
Q99741,Q13415,1,1.1660426760053653,7.990444362178687,2.9975088949900557,0.3013548015759647,1.0,0.7490121123180576,0.24784525980116326,1.0,0.6736657044861121,0.5698250470790011,0.631578947368421
Q99741,P25205,1,1.3527785151605545,7.990444362178687,3.222814486819338,0.32042637775846194,1.0,0.7649527385802743,0.24981152635069917,1.0,0.6879723639852389,0.6024997131263817,0.7058823529411765
P18206,P49023,1,0.9616264337419432,6.6951217792645235,2.954399654166508,0.18456370362840063,1.0,0.5999089461097296,0.14136505285818174,1.0,0.4642458689255201,0.21722021895078467,0.2903225806451613
Q96EB6,O43524,1,0.4257746674959832,4.68978820973841,2.4367120299397556,0.0910649608593368,1.0,0.5562687089373823,0.1096780305919035,1.0,0.3310908660393189,0.154495693248302,0.25301204819277107
P48556,P35998,1,0.45648514408694874,0.9353191044254094,0.6959021242561791,0.27709752584672387,1.0,0.6385487629233619,0.3087205310788821,1.0,0.654360265539441,0.0120602324318219,0.1
P48556,P49720,1,0.3117730348084698,0.9353191044254094,0.6235460696169396,0.3333333333333333,1.0,0.6666666666666666,0.4147158208167913,1.0,0.7073579104083957,0.03964716746592462,0.3
P48556,P17980,1,0.570606430108686,0.9353191044254094,0.7529627672670477,0.3997108361533553,1.0,0.6998554180766776,0.40446767193162647,1.0,0.7022338359658132,0.015705408811237404,0.1111111111111111
P48556,Q9UJX5,1,0.6235460696169396,0.9353191044254094,0.7794325870211745,0.4222664879998299,1.0,0.711133243999915,0.43304306543782295,1.0,0.7165215327189115,0.02557571052747812,0.2
P48556,Q16186,1,0.6435489649720306,0.9353191044254094,0.7894340346987201,0.31906480954334804,1.0,0.659532404771674,0.30082161941057217,1.0,0.6504108097052861,0.016895093828321973,0.17647058823529413
P30049,P25705,1,1.163370538159688,8.081416140384414,4.45944020969079,0.22744843569386303,1.0,0.8701164208751078,0.22023714314761747,1.0,0.8410587533944873,0.8226175337293109,0.8723404255319149
P17568,O43920,1,2.063648798190732,7.319276088337517,4.127297596381464,0.5,1.0,1.0,0.5540272145442946,1.0,1.0,1.0,1.0
P17568,Q16718,1,2.063648798190732,7.319276088337517,4.127297596381464,0.5,1.0,1.0,0.5540272145442946,1.0,1.0,1.0,1.0
P17568,O95167,1,2.063648798190732,7.319276088337517,4.127297596381464,0.5,1.0,1.0,0.5540272145442946,1.0,1.0,1.0,1.0
P17568,O14561,1,0.8251454365915522,7.319276088337517,2.8887942347822837,0.1992435868932622,1.0,0.6992435868932622,0.24387509399585752,1.0,0.7053246744261177,0.4382410205197185,0.5405405405405406
P17568,O14949,1,3.359609665421792,6.719219330843584,5.039414498132688,0.4135415700030128,0.8270831400060256,0.6203123550045192,0.17727247230446158,0.26249809696800147,0.21988528463623153,0.6135946317181589,0.6818181818181818
P62318,Q6P2Q9,1,1.7837429614663534,6.9515513082122,3.395748183440898,0.262349042674611,1.0,0.6398108122529163,0.13947168212087827,1.0,0.39269908682937005,0.11443514376083569,0.28
P62318,P62312,1,1.1837455941495192,3.362067290287615,2.148693197356512,0.309157947149881,1.0,0.7192674005100202,0.23596018327779897,1.0,0.5920511171611371,0.15722502323983667,0.46153846153846156
P33992,P15927,1,0.9408828867367824,6.205957652279713,2.3685629340223198,0.18648231348287284,1.0,0.534965003330464,0.15106456336154359,1.0,0.42718091654724455,0.09126057714926383,0.18181818181818182
P33992,O00311,1,0.6709485419973489,3.8254657638400382,2.0347120663456817,0.1579991306510862,1.0,0.550430300167756,0.16010615917887452,1.0,0.41702306077124474,0.3115957425760016,0.4318181818181818
P33992,Q13415,1,1.0666226117125965,7.990444362178687,3.598400064360039,0.23077212293522167,1.0,0.764168075996805,0.19083492595932844,1.0,0.5749863951850969,0.46222919285078107,0.5909090909090909
P33992,P25205,1,1.5383047226842836,7.990444362178687,4.999292255013609,0.29611466946903103,1.0,0.9380841797881309,0.23229789796243214,1.0,0.7804847646969229,0.8723351357171469,0.9411764705882353
O15371,O00303,1,0.5186570970458327,7.1941129453835115,2.14095222993442,0.11767879193658597,1.0,0.4832021001340143,0.1543065991494284,1.0,0.46085049952608537,0.2859724430115006,0.375
O15371,Q9Y262,1,1.9785891139191891,7.1941129453835115,3.7719457188141083,0.4389071963966013,1.0,0.9359297160334874,0.35458635950717493,1.0,0.8904880774437021,0.5971628731310045,0.7692307692307693
P62877,Q86VP6,1,0.5676041192106911,4.292906845321636,1.667167359335203,0.15989379592956787,1.0,0.5423622756302439,0.1571349007169063,1.0,0.41775121521503095,0.04400498764555969,0.13793103448275862
P62877,Q15369,1,1.2818800959960372,4.762910474567372,2.7064374907442326,0.28033594176663185,1.0,0.7803359417666318,0.2393569730896482,1.0,0.6860257818977885,0.23695751132920087,0.37037037037037035
P10144,P14222,1,0.19020214336956198,0.9353191044254094,0.44118973245857784,0.1313340100850192,1.0,0.36366768179419545,0.19505133692341114,1.0,0.40587131343446503,0.018011386944243372,0.13636363636363635
P25788,P35998,1,0.4924856813403028,2.8224337792350545,1.2926646146479586,0.1631273477257766,1.0,0.4976879435720687,0.17429796768693243,1.0,0.3838314665076855,0.04351203081741763,0.1388888888888889
P25788,P49720,1,1.2772688080569226,4.812390531830742,2.873854818128076,0.3352588600189959,1.0,0.8362216233618271,0.3271111714210105,1.0,0.7326227724267702,0.3662847875264342,0.6153846153846154
P25788,P17980,1,0.6156071016753785,2.8224337792350545,1.4202861021397037,0.22750026253732258,1.0,0.5724510474484868,0.22032180077935415,1.0,0.43269902693446305,0.05363728980616073,0.15151515151515152
O14965,Q12834,1,0.526973080070791,3.23423391877773,1.2677181985781574,0.14257512242617443,1.0,0.4198203857599184,0.14063901225955508,1.0,0.3298803073771809,0.02499819151724946,0.08888888888888889
P68400,P67870,1,0.5359622328295514,4.681807321407397,2.153700957150638,0.15348396121856875,1.0,0.6489688688662372,0.17512109662917572,1.0,0.5269465793572108,0.24059583448555746,0.3333333333333333
Q9H444,O43633,1,0.7608085734782479,0.9353191044254094,0.8480638389518287,0.2781044423850902,1.0,0.4977232711459134,0.2196082791711017,1.0,0.43258867236039433,0.022870676613110832,0.1875
Q9H444,Q9Y3E7,1,0.7608085734782479,0.9353191044254094,0.8480638389518287,0.2514422917648698,1.0,0.47480625786951136,0.20182421393323788,1.0,0.4164348412106087,0.018730422010144618,0.16666666666666666
O75832,P35998,1,0.7922439181765715,4.292906845321636,1.8710578335698584,0.25507561561686254,1.0,0.6144084970772203,0.22686763327555864,1.0,0.4709833602200782,0.050493310962838114,0.13333333333333333
O75832,P17980,1,0.570606430108686,0.9353191044254094,0.7529627672670477,0.2874311206922193,1.0,0.5393044121920393,0.2755556487244984,1.0,0.5096050272911731,0.014956828738713065,0.10714285714285714
Q9Y5N6,O00311,1,0.3225879519657453,1.9337621767593256,0.9516180912082308,0.1686202726764813,1.0,0.5266725450989107,0.23561713467495776,1.0,0.47228171715625944,0.035654083635223294,0.12903225806451613
Q9Y5N6,O43929,1,1.1494630932555645,2.745711241764757,1.863826924011144,0.42715984804559337,1.0,0.7508458424738063,0.3171549209776241,1.0,0.5453147818117066,0.1153749644976668,0.25
Q9Y5N6,Q13415,1,0.8324859898132603,2.745711241764757,1.5762632142534059,0.317524999235916,1.0,0.74795420965476,0.3028480660502915,1.0,0.7138883047886111,0.06997786732610337,0.16666666666666666
P61970,P62826,1,0.42767270039930944,7.6919513736226905,1.6392742212536402,0.10535853952291072,1.0,0.413334039806704,0.12512499043310138,1.0,0.3264714507073345,0.07939771548256357,0.10416666666666667
P19387,O00267,1,0.7275084941839417,4.112023103297309,1.8278712369858647,0.2450136749486327,1.0,0.64029210774119,0.20855948318015785,1.0,0.4518706051226634,0.11690309863623281,0.2727272727272727
P19387,P52434,1,1.355634655166298,7.275790976397778,3.861010209706932,0.2260747233694827,1.0,0.629437815451199,0.22565248235878904,1.0,0.48806904630307313,0.8224272813800393,0.8235294117647058
P19387,P19388,1,1.093958580147094,7.275790976397778,3.3126544404746605,0.3281818858751085,1.0,0.9213273078153051,0.36494835078406623,1.0,0.9049279048823574,0.9280699257712759,0.9375
P19387,P30876,1,0.7662855469263998,7.275790976397778,2.628732809240285,0.22386816901335754,1.0,0.7370172119164717,0.23891191245039134,1.0,0.6853122914352086,0.5096252300711644,0.5555555555555556
P19387,P24928,1,0.9433353369165701,7.275790976397778,3.0064072301748395,0.21715149013107565,1.0,0.7405998660884969,0.20704568708466028,1.0,0.6399603783027445,0.4271492162573884,0.5
P51665,P35998,1,0.5104859499669798,2.8224337792350545,1.4499241708820958,0.15247091418630782,1.0,0.49866229760437564,0.1619466490371377,1.0,0.3559693815419761,0.04383774095422187,0.1388888888888889
P51665,P49720,1,1.5059297554473854,4.050129714129451,2.7522919600861004,0.35384810835946495,1.0,0.8049814133585764,0.25971036589768726,1.0,0.5518972827801911,0.24656028658886106,0.5
P51665,P17980,1,0.795736085312883,3.45737747009194,2.2080602497904733,0.24808173344274037,1.0,0.6932271521573137,0.22313223687759087,1.0,0.45904143109694473,0.08821618995239879,0.1875
P51665,Q16186,1,0.3217744824860153,0.9353191044254094,0.5556042585923677,0.11668705362288756,1.0,0.32664501323320183,0.1480301133103837,1.0,0.33951012160730004,0.012361387238192108,0.12
Q9P253,Q9H270,1,0.9004087090026814,6.615079071590987,3.0288913571082015,0.2541257899678977,1.0,0.8532177074565632,0.2625888372906209,1.0,0.8019165895724043,0.5626487253579251,0.6111111111111112
Q9UKV8,Q9UPY3,1,1.3677491266344683,8.928714000771619,4.465987120140607,0.2166505252826065,1.0,0.7848240104623612,0.13473105564034435,1.0,0.5548362797784028,0.2651221906421978,0.3472222222222222
P60228,P23396,1,0.7831652649803943,3.362067290287615,1.5842398365089303,0.17436062044077602,1.0,0.5207577992000105,0.13535129175740587,1.0,0.41130543599375036,0.027154120476343805,0.0967741935483871
P60228,O00303,1,0.5104772978939685,7.1941129453835115,1.9732602355406588,0.12560435943451018,1.0,0.4881590424832145,0.16312827425355725,1.0,0.47314192564608626,0.32561022428405423,0.391304347826087
P60228,P46783,1,0.7630592170874694,3.362067290287615,1.6549261356247458,0.2757158342896628,1.0,0.6745049264485017,0.28173768636664254,1.0,0.645237601321053,0.1608487653085936,0.42857142857142855
P60228,Q9Y262,1,1.6209378027647074,7.1941129453835115,3.468602195581332,0.4089143354961162,1.0,0.9122492696813183,0.3624727299424704,1.0,0.898119059698631,0.7752267418290452,0.8333333333333334
Q15006,Q9Y3B6,1,0.9353191044254094,0.9353191044254094,0.9353191044254094,1.0,1.0,1.0,1.0,1.0,1.0,1.0,1.0
Q9NRG0,Q9NRF9,1,1.283211022458342,7.907062753239637,4.253397026036739,0.2934489136300601,1.0,0.9001330146389273,0.29178876167178347,1.0,0.8092700974601479,0.7938269581271861,0.8421052631578947
P14866,P07910,1,1.7037445808143343,5.25947052117454,2.8140899099598036,0.34650976140757617,1.0,0.7248331508423633,0.19508585200195022,1.0,0.49908089014019197,0.11633783673030101,0.26666666666666666
Q15428,Q7L014,1,0.9723643776331703,3.362067290287615,1.9293494809931313,0.2831313987346593,1.0,0.5450853578121085,0.25326246631057725,1.0,0.46312986565716696,0.11977054723270247,0.22580645161290322
Q15428,Q86XP3,1,0.8758477938576492,3.362067290287615,1.9009298558870786,0.32450214347397655,1.0,0.7406680438844264,0.30701066592346643,1.0,0.6614371954109057,0.1288375311226591,0.25806451612903225
P22087,Q14137,1,0.7015803773791186,3.5779096081728228,2.046767259423579,0.20642042932368296,1.0,0.6399749904282914,0.2096575836570719,1.0,0.5600148145353543,0.069058853313609,0.20588235294117646
P22087,P46782,1,0.5670011433326106,3.362067290287615,1.6161541478258123,0.16266640549916528,1.0,0.5463225142288111,0.16938771642832381,1.0,0.4725150473158529,0.045161559710403365,0.16216216216216217
P22087,P55769,1,0.8282570995288658,6.6715912818543295,2.7282318647497363,0.16677343020156898,1.0,0.62145599658352,0.14571628843792325,1.0,0.5087141266827526,0.08259234489333359,0.20512820512820512
P36954,P52434,1,1.2970276323926409,7.275790976397778,3.68518914138596,0.21621904375403878,1.0,0.6004230593863458,0.2229326555622851,1.0,0.4797474631951889,0.6368744357099576,0.5909090909090909
P36954,P19388,1,1.011259598894532,7.275790976397778,3.1104632715642735,0.30467805242205787,1.0,0.8670476354571539,0.33619453214665124,1.0,0.8045558803475676,0.7054074998600202,0.6666666666666666
P36954,P30876,1,0.8756150813335759,7.275790976397778,2.9413811583367777,0.24850250721954456,1.0,0.8117265516325578,0.239446963128263,1.0,0.654041321301674,0.5540326311198976,0.6428571428571429
P36954,P24928,1,0.950220085792837,7.275790976397778,3.264013109445302,0.222457117756514,1.0,0.8035924830265144,0.2063389775855974,1.0,0.6108688946332093,0.4674140353986058,0.5806451612903226
Q02543,P46779,1,1.2385592853516125,6.026072150283639,3.4411528483322216,0.3759212356081297,1.0,1.0,0.43230952763303754,1.0,1.0,1.0,1.0
Q02543,P23396,1,0.6166026519171997,6.026072150283639,2.4777151195447558,0.16050086233115496,1.0,0.6947610688632692,0.15810546606489015,1.0,0.6348051356659491,0.06632310713738306,0.14285714285714285
Q02543,P49207,1,1.0411783486811539,6.026072150283639,3.1279236303438704,0.31465863382738224,1.0,0.9122492696813183,0.3557663134990516,1.0,0.898119059698631,0.6573382701617282,0.8
Q02543,P63244,1,0.3595481963174458,3.362067290287615,1.106852314411922,0.11805305673109573,1.0,0.4722134163230787,0.14848775451566992,1.0,0.47974154220860354,0.029318062298313283,0.10714285714285714
Q02543,P27635,1,0.9289194640137094,6.026072150283639,3.011008742290694,0.2819409267060973,1.0,0.875,0.34907437628572097,1.0,0.8906766126068689,0.7625790177067848,0.8888888888888888
Q02543,P61353,1,1.2385592853516125,6.026072150283639,3.4411528483322216,0.3759212356081297,1.0,1.0,0.43230952763303754,1.0,1.0,1.0,1.0
Q02543,P35544,1,1.2579516006238467,3.362067290287615,2.310009445455731,0.39721518674552786,1.0,0.6986075933727639,0.43992889572926214,1.0,0.7199644478646311,0.411682802993505,0.625
Q02543,P62888,1,1.2385592853516125,6.026072150283639,3.4411528483322216,0.3759212356081297,1.0,1.0,0.43230952763303754,1.0,1.0,1.0,1.0
Q02543,P62829,1,0.8388143620026058,6.026072150283639,2.8317309987471893,0.22177504270698353,1.0,0.7877311961038105,0.24091845423407127,1.0,0.7524977659571983,0.1713887431804568,0.34782608695652173
Q02543,Q9Y3U8,1,1.6333211586925298,6.026072150283639,3.9803560188353435,0.3652742600394306,1.0,0.8652742600394305,0.42360941720701084,1.0,0.8705871763823985,0.951774545798306,0.875
Q02543,P18077,1,1.243407364169671,6.026072150283639,3.4312671535766457,0.34526223906962566,1.0,0.9568539195519891,0.35894415301004184,1.0,0.9025066019095394,0.7374095405985742,0.8888888888888888
Q02543,P62910,1,1.6333211586925298,6.026072150283639,3.9803560188353435,0.3652742600394306,1.0,0.8652742600394305,0.42360941720701084,1.0,0.8705871763823985,0.951774545798306,0.875
Q02543,P62263,1,1.0385968428837549,6.026072150283639,3.1412091846304353,0.2616293893051315,1.0,0.8457086851989404,0.27031082677689755,1.0,0.7883769705460648,0.3566877647830642,0.6153846153846154
Q02543,P18621,1,1.2385592853516125,6.026072150283639,3.4411528483322216,0.3759212356081297,1.0,1.0,0.43230952763303754,1.0,1.0,1.0,1.0
Q02543,P05388,1,1.243407364169671,6.026072150283639,3.4312671535766457,0.3320172162379879,1.0,0.9402647736492191,0.34875818534702524,1.0,0.8924716841210718,0.5408036858918109,0.8
Q02543,P50914,1,1.0411783486811539,6.026072150283639,3.1279236303438704,0.31465863382738224,1.0,0.9122492696813183,0.3557663134990516,1.0,0.898119059698631,0.6573382701617282,0.8
Q02543,P32969,1,1.243407364169671,6.026072150283639,3.4312671535766457,0.34497343719029355,1.0,0.956495821718108,0.35868640495900966,1.0,0.9022361772068064,0.7361466582320031,0.8888888888888888
Q02543,P46783,1,1.2385592853516125,6.026072150283639,3.441152848332221,0.3759212356081297,1.0,1.0,0.4323095276330376,1.0,1.0,1.0,1.0
Q02543,P61254,1,1.243407364169671,6.026072150283639,3.4312671535766457,0.33942640314972666,1.0,0.9495857771917965,0.3540810945801385,1.0,0.8975428498247053,0.5956379870738501,0.8
Q02543,P39019,1,0.8437974120106956,6.026072150283639,2.814694412355519,0.2587735659159492,1.0,0.8314244172097911,0.2843304780659732,1.0,0.8021042292273401,0.39597115376932396,0.5714285714285714
Q02543,P47914,1,0.9975507159443634,6.026072150283639,3.0624821812386847,0.23253745302437678,1.0,0.6850494831031723,0.2701296130930934,1.0,0.6612335224559063,0.388760197853593,0.5714285714285714
Q02543,P62841,1,1.152973011610328,6.026072150283639,3.295615624737631,0.3627154316803112,1.0,0.968194892694088,0.3869909718977736,1.0,0.9239415237934062,0.8759865420419397,0.8888888888888888
Q02543,P46782,1,1.246316211460506,6.026072150283639,3.4253357367233,0.3368367020726086,1.0,0.9431889451498254,0.32584839490044665,1.0,0.8563026052189745,0.613645441081744,0.8
Q02543,Q02878,1,1.012185517022218,6.026072150283639,3.0741396950658677,0.3163465110412769,1.0,0.9043553299003249,0.3348201117376376,1.0,0.8576484667936297,0.6013746950543054,0.7272727272727273
Q3B726,Q9H9Y6,1,1.4551581952795556,7.275790976397778,4.365474585838667,0.2,1.0,0.6,0.26896417665576694,1.0,0.6344820883278834,0.5064449451035009,0.43478260869565216
O00401,P60953,1,0.4784448695143759,0.9353191044254094,0.6706066869442516,0.1317514928355165,1.0,0.349589782080037,0.13820259014177602,1.0,0.3380542920907659,0.006142038602915309,0.058823529411764705
O00401,A6NGB9,1,1.2845562436847844,4.9013801488324775,2.4319580221907864,0.2914248469511495,1.0,0.5351613627725708,0.27218695961909195,1.0,0.5053618362052663,0.269304205332797,0.45454545454545453
O00401,O43516,1,0.9540511566508622,4.9013801488324775,1.9362003916399027,0.2833229534950166,1.0,0.6400702476957316,0.27028526428743466,1.0,0.6420222575591616,0.21871836513413775,0.4166666666666667
P35244,Q13472,1,1.014495725727048,6.205957652279713,2.506062625582797,0.24833363776773407,1.0,0.6592190273564539,0.22058276379172204,1.0,0.5840827849817629,0.1925278333613965,0.35
P35244,P15927,1,1.7039641321926202,6.863258701066521,3.978121416056769,0.33280075121360114,1.0,0.8453508189885048,0.25686027029723985,1.0,0.7803019810308008,0.25757327944867775,0.4444444444444444
P25787,P35998,1,0.5104859499669798,2.8224337792350545,1.4499241708820958,0.19237455781577162,1.0,0.5769390450467958,0.21029510757375616,1.0,0.4511266903551806,0.04846200875362366,0.15151515151515152
P25787,P49720,1,1.760016694681149,4.812390531830742,3.196944103745187,0.4539512290928796,1.0,0.9539512290928795,0.43437882404881245,1.0,0.868987841336226,0.517504082053173,0.8
P25787,P17980,1,0.6381074374587248,2.8224337792350545,1.5775456583738408,0.2671376616921897,1.0,0.651702148923214,0.26860825735025057,1.0,0.49999425078195814,0.06136355957615832,0.16666666666666666
Q9BYC8,Q9P0J6,1,1.2288631277154956,6.026072150283639,2.969210941392758,0.3652742600394306,1.0,0.8652742600394305,0.42849984358492527,1.0,0.8705871763823985,0.6095491377278597,0.625
P60468,P60059,1,0.19020214336956198,0.9353191044254094,0.44118973245857784,0.11390679931136856,1.0,0.3375268656337195,0.16974311549796647,1.0,0.38053429314392884,0.01187981228918456,0.125
Q9Y5J1,Q92979,1,1.509541920748616,3.362067290287615,2.4358046055181157,0.3928761534443227,1.0,0.6964380767221614,0.32978401017719594,1.0,0.664892005088598,0.09667666355704198,0.2631578947368421
Q9Y5J1,P78316,1,2.378640697386385,3.362067290287615,2.870353993837,0.58049776994988,1.0,0.7902488849749401,0.4468960309531979,1.0,0.723448015476599,0.4053763082317169,0.625
P84098,P46779,1,1.2385592853516125,6.026072150283639,3.4411528483322216,0.3759212356081297,1.0,1.0,0.43230952763303754,1.0,1.0,1.0,1.0
P84098,P23396,1,0.6166026519171997,6.026072150283639,2.4777151195447558,0.16050086233115496,1.0,0.6947610688632692,0.15810546606489015,1.0,0.6348051356659491,0.06632310713738306,0.14285714285714285
P84098,P49207,1,1.0411783486811539,6.026072150283639,3.1279236303438704,0.31465863382738224,1.0,0.9122492696813183,0.3557663134990516,1.0,0.898119059698631,0.6573382701617282,0.8
P84098,P27635,1,0.9289194640137094,6.026072150283639,3.011008742290694,0.2819409267060973,1.0,0.875,0.34907437628572097,1.0,0.8906766126068689,0.7625790177067848,0.8888888888888888
P84098,P61353,1,1.2385592853516125,6.026072150283639,3.4411528483322216,0.3759212356081297,1.0,1.0,0.43230952763303754,1.0,1.0,1.0,1.0
P84098,P35544,1,1.2579516006238467,3.362067290287615,2.310009445455731,0.39721518674552786,1.0,0.6986075933727639,0.43992889572926214,1.0,0.7199644478646311,0.411682802993505,0.625
P84098,P62888,1,1.2385592853516125,6.026072150283639,3.4411528483322216,0.3759212356081297,1.0,1.0,0.43230952763303754,1.0,1.0,1.0,1.0
P84098,P62829,1,0.8388143620026058,6.026072150283639,2.8317309987471893,0.22177504270698353,1.0,0.7877311961038105,0.24091845423407127,1.0,0.7524977659571983,0.1713887431804568,0.34782608695652173
P84098,Q9Y3U8,1,1.6333211586925298,6.026072150283639,3.9803560188353435,0.3652742600394306,1.0,0.8652742600394305,0.42360941720701084,1.0,0.8705871763823985,0.951774545798306,0.875
P84098,P18077,1,1.243407364169671,6.026072150283639,3.4312671535766457,0.34526223906962566,1.0,0.9568539195519891,0.35894415301004184,1.0,0.9025066019095394,0.7374095405985742,0.8888888888888888
P84098,P62910,1,1.6333211586925298,6.026072150283639,3.9803560188353435,0.3652742600394306,1.0,0.8652742600394305,0.42360941720701084,1.0,0.8705871763823985,0.951774545798306,0.875
P84098,P62263,1,1.0385968428837549,6.026072150283639,3.1412091846304353,0.2616293893051315,1.0,0.8457086851989404,0.27031082677689755,1.0,0.7883769705460648,0.3566877647830642,0.6153846153846154
P84098,P18621,1,1.2385592853516125,6.026072150283639,3.4411528483322216,0.3759212356081297,1.0,1.0,0.43230952763303754,1.0,1.0,1.0,1.0
P84098,P05388,1,1.243407364169671,6.026072150283639,3.4312671535766457,0.3320172162379879,1.0,0.9402647736492191,0.34875818534702524,1.0,0.8924716841210718,0.5408036858918109,0.8
P84098,P50914,1,1.0411783486811539,6.026072150283639,3.1279236303438704,0.31465863382738224,1.0,0.9122492696813183,0.3557663134990516,1.0,0.898119059698631,0.6573382701617282,0.8
P84098,P32969,1,1.243407364169671,6.026072150283639,3.4312671535766457,0.34497343719029355,1.0,0.956495821718108,0.35868640495900966,1.0,0.9022361772068064,0.7361466582320031,0.8888888888888888
P84098,P46783,1,1.2385592853516125,6.026072150283639,3.441152848332221,0.3759212356081297,1.0,1.0,0.4323095276330376,1.0,1.0,1.0,1.0
P84098,P61254,1,1.243407364169671,6.026072150283639,3.4312671535766457,0.33942640314972666,1.0,0.9495857771917965,0.3540810945801385,1.0,0.8975428498247053,0.5956379870738501,0.8
P84098,P68104,1,0.6926342379697396,3.362067290287615,1.5750253864221468,0.21341544544159238,1.0,0.5956695296215553,0.20790322313804718,1.0,0.548085218735785,0.062113295030588205,0.16216216216216217
P84098,P39019,1,0.8437974120106956,6.026072150283639,2.814694412355519,0.2587735659159492,1.0,0.8314244172097911,0.2843304780659732,1.0,0.8021042292273401,0.39597115376932396,0.5714285714285714
P84098,P47914,1,0.9975507159443634,6.026072150283639,3.0624821812386847,0.23253745302437678,1.0,0.6850494831031723,0.2701296130930934,1.0,0.6612335224559063,0.388760197853593,0.5714285714285714
P84098,P62841,1,1.152973011610328,6.026072150283639,3.295615624737631,0.3627154316803112,1.0,0.968194892694088,0.3869909718977736,1.0,0.9239415237934062,0.8759865420419397,0.8888888888888888
P84098,P46782,1,1.246316211460506,6.026072150283639,3.4253357367233,0.3368367020726086,1.0,0.9431889451498254,0.32584839490044665,1.0,0.8563026052189745,0.613645441081744,0.8
P84098,Q02878,1,1.012185517022218,6.026072150283639,3.0741396950658677,0.3163465110412769,1.0,0.9043553299003249,0.3348201117376376,1.0,0.8576484667936297,0.6013746950543054,0.7272727272727273
P63272,O00267,1,0.8909906386763172,5.425495004717151,2.1533886559940325,0.241034240619354,1.0,0.6011751654010362,0.21044867191404137,1.0,0.5345625084476735,0.15828363387608038,0.2608695652173913
P63272,P24928,1,0.5788626301098071,3.23423391877773,1.5472264645761562,0.15896825911400372,1.0,0.49194754062608637,0.1458640919821822,1.0,0.3469268610112029,0.08266052296490038,0.21052631578947367
O14653,O75396,1,1.8218956166220157,7.515020665463613,4.842140780249108,0.385786980245096,1.0,0.9858432580636838,0.36762079662507446,1.0,0.8832580190021915,0.780502776179888,0.875
Q92830,Q9Y3D8,1,0.8304632210096413,2.7315912166904455,1.7175826590499983,0.13047404694823578,1.0,0.3862361105141612,0.10741169787191467,1.0,0.25339891244387874,0.019253870187275503,0.08064516129032258
Q92830,P01106,1,0.3143250484224991,4.292906845321636,1.646585933541889,0.07879640309123613,1.0,0.450736831181466,0.11404708719897141,1.0,0.3404586680035637,0.04454229876947848,0.10909090909090909
Q9P0M9,Q9P0J6,1,1.2288631277154956,6.026072150283639,2.969210941392758,0.3652742600394306,1.0,0.8652742600394305,0.42849984358492527,1.0,0.8705871763823985,0.6095491377278597,0.625
P24385,P38936,1,0.7058496744723292,7.136954531543562,3.0311691064886936,0.15108676696892243,1.0,0.6473039723591186,0.14270476114696712,1.0,0.4632558463594641,0.28490372925655355,0.40425531914893614
Q9UMS4,Q6P2Q9,1,0.5030848468957261,2.7452526313462626,1.502233037341305,0.11790624261144832,1.0,0.4544680190550713,0.12067001926687172,1.0,0.2957141120274116,0.03905057188189957,0.16666666666666666
Q9UMS4,Q9P013,1,0.26942132320186685,0.9353191044254094,0.5238404748874155,0.1738266099502459,1.0,0.4404965806617169,0.23206202019848426,1.0,0.4723580294125874,0.023571776840324535,0.17647058823529413
Q9UMS4,O60508,1,0.26942132320186685,0.9353191044254094,0.5238404748874155,0.1738266099502459,1.0,0.4404965806617169,0.23206202019848426,1.0,0.4723580294125874,0.023571776840324535,0.17647058823529413
Q9UMS4,P41223,1,0.24941842784677584,0.9353191044254094,0.4988368556935517,0.1271531898361568,1.0,0.35571995512641186,0.17298365663637422,1.0,0.37990525854286833,0.013641961915123527,0.125
Q9NW08,P52434,1,1.5458814883132233,7.275790976397778,4.051257042853857,0.24298723659905827,1.0,0.6463503286807747,0.21426388451487982,1.0,0.48215100316027093,0.5566275328193756,0.6086956521739131
Q9NW08,P19388,1,1.1335345367714633,7.275790976397778,3.284763109937633,0.24808727106521067,1.0,0.6867779257205504,0.27692298307192825,1.0,0.6719396348728925,0.5898286442368815,0.6086956521739131
Q9NW08,P05423,1,1.1335345367714633,7.275790976397778,3.284763109937633,0.22758803596380303,1.0,0.6585020030954749,0.2510265104731289,1.0,0.6400318002377898,0.5446352136762594,0.5833333333333334
O15145,O15511,1,1.6693502594775496,6.434590695878693,4.384504708815709,0.3952029742126099,1.0,1.0,0.414693152751671,1.0,1.0,1.0,1.0
O15145,Q9BPX5,1,1.4315936065698758,5.783604326143026,2.7995514294035146,0.42613779465224827,1.0,0.8333333333333333,0.4228515799609007,1.0,0.8532459334261815,0.6420840816031327,0.7777777777777778
O15145,O15143,1,1.6693502594775496,6.434590695878693,4.384504708815709,0.3952029742126099,1.0,1.0,0.414693152751671,1.0,1.0,1.0,1.0
P57740,Q8NFH4,1,0.4676595522127047,0.9353191044254094,0.7014893283190571,0.5,1.0,0.75,0.5513924624670146,1.0,0.7756962312335073,0.09912706183826189,0.6
P57740,P55735,1,1.0532488876185868,4.448855116860702,2.399292442940115,0.35877254611961656,1.0,0.790468388792614,0.30918806506693597,1.0,0.5598858172380217,0.3399974670588056,0.6666666666666666
Q9NZN8,O75175,1,0.4676595522127047,0.9353191044254094,0.7014893283190571,0.3040018817381288,1.0,0.6520009408690643,0.3433124882272911,1.0,0.6716562441136456,0.01170638448380519,0.125
P16520,O14610,1,0.9092663450265068,5.351387032563429,2.4809428792737167,0.15713284851563453,1.0,0.45871943959721656,0.1756376831834526,1.0,0.41633700945255403,0.41966244021903604,0.5882352941176471
P16520,P50150,1,0.7482552835403276,0.9353191044254094,0.8417871939828685,0.2272993885508996,1.0,0.47175313111684714,0.19591320709308285,1.0,0.4366125333621843,0.018985141208749806,0.17647058823529413
Q9UKT4,Q12834,1,1.2479158286460836,9.046497036428,4.654925519004728,0.2477743455727623,1.0,0.8191605033268097,0.20524572431276866,1.0,0.5839520795378155,0.28638663359617084,0.375
P25398,P46779,1,1.2385592853516125,6.026072150283639,3.441152848332221,0.3759212356081297,1.0,1.0,0.4323095276330376,1.0,1.0,1.0,1.0
P25398,P23396,1,0.6166026519171997,6.026072150283639,2.4777151195447558,0.16050086233115496,1.0,0.6947610688632692,0.1581054660648902,1.0,0.6348051356659491,0.06632310713738306,0.14285714285714285
P25398,P49207,1,1.0411783486811539,6.026072150283639,3.12792363034387,0.3146586338273822,1.0,0.9122492696813183,0.35576631349905163,1.0,0.898119059698631,0.6573382701617282,0.8
P25398,P27635,1,0.9289194640137094,6.026072150283639,3.0110087422906937,0.2819409267060973,1.0,0.875,0.3490743762857211,1.0,0.8906766126068689,0.7625790177067848,0.8888888888888888
P25398,P61353,1,1.2385592853516125,6.026072150283639,3.441152848332221,0.3759212356081297,1.0,1.0,0.4323095276330376,1.0,1.0,1.0,1.0
P25398,P35544,1,1.2579516006238467,3.362067290287615,2.310009445455731,0.39721518674552786,1.0,0.6986075933727639,0.4399288957292622,1.0,0.7199644478646311,0.411682802993505,0.625
P25398,P62888,1,1.2385592853516125,6.026072150283639,3.441152848332221,0.3759212356081297,1.0,1.0,0.4323095276330376,1.0,1.0,1.0,1.0
P25398,P62829,1,0.8388143620026058,6.026072150283639,2.8317309987471893,0.22177504270698362,1.0,0.7877311961038105,0.24091845423407127,1.0,0.7524977659571983,0.1713887431804568,0.34782608695652173
P25398,Q9Y3U8,1,1.6333211586925298,6.026072150283639,3.9803560188353435,0.3652742600394306,1.0,0.8652742600394305,0.4236094172070108,1.0,0.8705871763823985,0.951774545798306,0.875
P25398,P18077,1,1.243407364169671,6.026072150283639,3.4312671535766452,0.34526223906962566,1.0,0.9568539195519891,0.35894415301004184,1.0,0.9025066019095394,0.7374095405985742,0.8888888888888888
P25398,P62910,1,1.6333211586925298,6.026072150283639,3.9803560188353435,0.3652742600394306,1.0,0.8652742600394305,0.4236094172070108,1.0,0.8705871763823985,0.951774545798306,0.875
P25398,P62263,1,1.0385968428837549,6.026072150283639,3.1412091846304353,0.26162938930513147,1.0,0.8457086851989404,0.2703108267768975,1.0,0.7883769705460648,0.3566877647830642,0.6153846153846154
P25398,P18621,1,1.2385592853516125,6.026072150283639,3.441152848332221,0.3759212356081297,1.0,1.0,0.4323095276330376,1.0,1.0,1.0,1.0
P25398,P05388,1,1.243407364169671,6.026072150283639,3.4312671535766457,0.3320172162379879,1.0,0.9402647736492191,0.34875818534702524,1.0,0.8924716841210718,0.5408036858918109,0.8
P25398,P50914,1,1.0411783486811539,6.026072150283639,3.12792363034387,0.3146586338273822,1.0,0.9122492696813183,0.35576631349905163,1.0,0.898119059698631,0.6573382701617282,0.8
P25398,P32969,1,1.243407364169671,6.026072150283639,3.4312671535766457,0.34497343719029355,1.0,0.956495821718108,0.35868640495900966,1.0,0.9022361772068064,0.7361466582320031,0.8888888888888888
P25398,P46783,1,1.2385592853516125,6.026072150283639,3.441152848332221,0.3759212356081297,1.0,1.0,0.4323095276330376,1.0,1.0,1.0,1.0
P25398,P61254,1,1.243407364169671,6.026072150283639,3.4312671535766457,0.33942640314972666,1.0,0.9495857771917965,0.3540810945801385,1.0,0.8975428498247053,0.5956379870738501,0.8
P25398,P68104,1,0.6926342379697396,3.362067290287615,1.5750253864221468,0.21341544544159238,1.0,0.5956695296215553,0.20790322313804718,1.0,0.548085218735785,0.062113295030588205,0.16216216216216217
O95476,Q96BN8,0,1.3583393579295142,2.8224337792350545,2.193395554298506,0.3286774612345164,1.0,0.6745502960529517,0.23376025817022233,1.0,0.43805758768282427,0.14313950748470264,0.375
Q9NSE4,Q8WTR7,0,0.4791291979991509,2.276855059575498,1.1757090530668193,0.12225554970094456,0.6776726134021461,0.30540529596541693,0.11690010326121998,0.32134508395015676,0.18302792297328702,0.0483580175045639,0.12244897959183673
O95352,Q8NI77,0,1.032552082544595,4.25070649083126,2.3060642457500196,0.16830735979614922,1.0,0.4817231141000472,0.11940585881359195,1.0,0.2841778743358243,0.03635963418213327,0.1111111111111111
Q86X83,P49795,0,0.6235460696169396,0.9353191044254094,0.7794325870211745,0.40416539688196923,1.0,0.7020826984409846,0.4210998389216729,1.0,0.7105499194608365,0.03578415094995843,0.2727272727272727
Q04656,P06737,0,0.6224765755625286,3.8254657638400382,1.6256949772870115,0.11163368350279432,1.0,0.3995020795319478,0.09587452190909604,1.0,0.289350331297323,0.13117127449231253,0.2638888888888889
Q6XPR3,P17483,0,0.27452500772261645,0.4117875115839247,0.34315625965327057,0.06940223115394854,0.11207399077310941,0.09007629251676857,0.12042522703647174,0.1328918003523407,0.126410425452523,0.0064443826672444275,0.09090909090909091
Q13568,Q9NYY1,0,0.4947897066235472,0.9353191044254094,0.7150544055244785,0.0859821053293116,0.28335824032705403,0.1578416111883827,0.08496219997421683,0.17448858392047756,0.11631132766632932,0.010450597456947174,0.09090909090909091
P56377,P15880,0,0.6521216344099268,0.9353191044254094,0.7937203694176681,0.32582941408031385,1.0,0.6629147070401569,0.302616030656959,1.0,0.6513080153284795,0.025933559838695844,0.21428571428571427
Q96C03,Q9Y5T5,0,0.38040428673912396,0.9353191044254094,0.6578616955822667,0.11434473181045131,0.28827374467170713,0.2013092382410792,0.1475600207701343,0.18124273599201166,0.164401378381073,0.012663875431571733,0.1111111111111111
P78537,Q13478,0,0.2672340298358313,0.9353191044254094,0.6012765671306204,0.16636448207498772,1.0,0.5831822410374938,0.23724078055312708,1.0,0.6186203902765636,0.014644804040104993,0.16666666666666666
Q9UKV3,P40933,0,0.5388426464037337,0.9353191044254094,0.7370808754145716,0.22165877547958113,1.0,0.45492570029017976,0.21483252328826935,1.0,0.4231208391831423,0.01675806253726527,0.13043478260869565
P02652,O14977,0,0.3599545266834922,4.816020299881321,1.4984883574096934,0.08743081420651999,1.0,0.3790261472079727,0.10656554719099974,1.0,0.2952742561349119,0.06460661752638273,0.14583333333333334
Q6GTX8,Q5VZE5,0,0.9353191044254094,0.9353191044254094,0.9353191044254094,1.0,1.0,1.0,1.0,1.0,1.0,1.0,1.0
O95998,Q8WUW1,0,0.8044362062150383,0.9353191044254094,0.8698776553202239,0.13574362033172938,0.2199221825991206,0.17223468641070563,0.0888832086533829,0.13097111366638092,0.1067028960174595,0.019422732475762178,0.1875
P10696,P14854,0,0.9030580977573287,1.8061161955146574,1.3545871466359931,0.10522527651182943,0.21045055302365887,0.15783791476774414,0.07762425689997077,0.08652966608489428,0.08207696149243252,0.015862687870657175,0.07407407407407407
Q16795,P11532,0,0.24739485331177372,0.9353191044254094,0.5030384457865213,0.08234819453550958,1.0,0.275626143602849,0.11851468647301086,1.0,0.2932596123025117,0.007531998083296513,0.07894736842105263
O43805,Q8N2K0,0,0.0,0.0,0.0,0.0,0.0,0.0,0.09422756464141405,0.12839841516325123,0.10905053050513727,0.0,0.0625
Q96M63,P62699,0,0.6735533080046671,0.9353191044254094,0.8044362062150383,0.6124504127956384,1.0,0.8062252063978192,0.6302635423943268,1.0,0.8151317711971634,0.12098666924013166,0.42857142857142855
P29973,P24588,0,0.3087119328354723,0.9353191044254094,0.5970762498628128,0.07957885668396902,1.0,0.27001676762197624,0.09873688359674347,1.0,0.26448174090163445,0.0049454978630846195,0.05660377358490566
Q8N4P2,P04899,0,0.6942550331759262,3.5779096081728228,1.6509840814988492,0.20239899691449056,1.0,0.5246409081461215,0.19345355988044277,1.0,0.42865405131464873,0.04227574252634849,0.125
Q06265,Q9H845,0,0.6364752544022115,1.9337621767593256,1.6309655831572347,0.12347976648991306,1.0,0.39720905188224753,0.11273369236448999,1.0,0.27180184921642836,0.020159047097126535,0.09803921568627451
Q13451,Q9BXY4,0,0.4833511646351052,0.9353191044254094,0.6657075017934669,0.11346446166807139,0.4449079718716691,0.21973291857461885,0.10630078322619069,0.2999478678079998,0.16842198413766535,0.014396663062156112,0.15
Q8IU60,Q9UK08,0,0.6108437209104417,2.8224337792350545,1.5225548332873156,0.15497472562161238,1.0,0.47733289423811903,0.1526372913638168,1.0,0.3551377646829401,0.04165450090999938,0.15625
Q9NYW2,P51668,0,0.09510107168478099,0.9353191044254094,0.30711703142273816,0.06110890850839155,1.0,0.24721781701678308,0.1399109320772409,1.0,0.3200706828688866,0.00940272751941933,0.07894736842105263
Q9H270,Q9Y5S9,0,0.5995198212574514,1.9337621767593256,1.2297661597923,0.2189706935694501,1.0,0.5373762315268331,0.20713070870839492,1.0,0.41007787515695004,0.05497018284969495,0.21052631578947367
P21926,Q9UPM9,0,0.0,0.0,0.0,0.0,0.0,0.0,0.07089453810029842,0.08359355034571492,0.07724404422300667,0.0,0.09090909090909091
Q9C000,O15164,0,0.45963656064432185,2.2200873968998165,0.9266691256757513,0.12563555661657044,1.0,0.37393867443851897,0.13217052109132985,1.0,0.29950613240039425,0.023935986381290252,0.07894736842105263
Q86YW7,Q9BSJ5,0,0.9353191044254094,0.9353191044254094,0.9353191044254094,0.43225686656833895,1.0,0.7161284332841695,0.36058498381429327,1.0,0.6802924919071467,0.018756451399126902,0.1875
P48059,O00512,0,0.5072057156521653,0.9353191044254094,0.6921773215475937,0.2201898763794262,1.0,0.4568359920900783,0.22762157287026497,1.0,0.44683514452009326,0.022312359262059538,0.16666666666666666
P49116,Q9NXR1,0,0.2994256662345032,0.9353191044254094,0.6173723853299564,0.1123419577627266,1.0,0.35282454860980383,0.15991603555748135,1.0,0.3445721283280583,0.011455205372696238,0.08823529411764706
P61221,P57081,0,0.33139981955765346,1.8061161955146574,1.0167586445426702,0.13372464849933,1.0,0.43978842998650824,0.16960731636576062,1.0,0.4086391276713749,0.0132870966703711,0.07692307692307693
Q9HD34,Q8TCY5,0,0.8184042163722333,0.9353191044254094,0.8768616603988213,0.28508284369688186,1.0,0.6425414218484409,0.24185082307095518,1.0,0.6209254115354776,0.015597254925231273,0.2
O15240,Q9Y6M9,0,0.4676595522127047,0.9353191044254094,0.7014893283190571,0.12506862965535473,0.26848025836454387,0.1921886942464907,0.109331109234399,0.1640186061474035,0.13418755787007025,0.009840207117847158,0.1
Q9BRP8,Q13526,0,0.42639857638624445,0.9353191044254094,0.6332650592384192,0.11157353595294715,1.0,0.32944798761447414,0.12530822744997872,1.0,0.3265697352073872,0.009914379787140971,0.1111111111111111
Q9NR33,Q00059,0,0.5786412463302222,2.745711241764757,1.326018447303978,0.1689109874022365,1.0,0.5104810283250503,0.1646087808885398,1.0,0.41671162768269504,0.05754864928956267,0.18181818181818182
P35326,Q9BPX5,0,0.9353191044254094,0.9353191044254094,0.9353191044254094,0.6392066919783724,1.0,0.8196033459891863,0.5854951461914424,1.0,0.7927475730957212,0.06899611872369524,0.42857142857142855
P49238,Q07820,0,0.28059573132762294,0.9353191044254094,0.549499973849928,0.07429807163484284,1.0,0.26860226780047536,0.10875841834496021,1.0,0.2738205930536087,0.007443108128919492,0.09375
Q9P2M7,Q8NAT1,0,0.17537233207976427,0.9353191044254094,0.4676595522127047,0.10115562889743145,1.0,0.3273112577948629,0.15880627237952666,1.0,0.35758631821070175,0.02047930430896951,0.1875
Q9NVR2,O95352,0,0.5611914626552457,0.9353191044254094,0.7482552835403276,0.3389393688307339,1.0,0.6694696844153669,0.3192400284447501,1.0,0.659620014222375,0.0194259816195443,0.2
Q9BT78,Q8N0W4,0,0.36345593097935514,0.9353191044254094,0.5972857070857075,0.15601596146751937,1.0,0.4060159614675194,0.1743955005955319,1.0,0.41372759784277713,0.015637227262957444,0.13636363636363635
Q9H1K0,Q9NS75,0,0.19020214336956198,0.9353191044254094,0.49731917479230014,0.12124279023772926,1.0,0.36748558047545854,0.17429717104049391,1.0,0.39020437642356676,0.015536423920745094,0.14285714285714285
Q9NZH6,Q9BZQ4,0,0.13726250386130823,0.4117875115839247,0.27452500772261645,0.03644913602302565,0.17299143858771168,0.08350561046582375,0.08693422700646293,0.20254354815259673,0.1265802902715884,0.0029405717813009487,0.05714285714285714
Q00266,O00411,0,0.5973271433296964,2.7315912166904455,1.6415975965278347,0.18476142924831407,1.0,0.5194144641915592,0.17332992863651897,1.0,0.35434027609683694,0.05037035468551582,0.14634146341463414
Q9UKT8,Q6NUI2,0,2.051089811684697,4.102179623369394,3.076634717527045,0.2933085938984974,0.6284151480515409,0.4504123809113826,0.11900339581411874,0.17090288016893113,0.14132552462997156,0.09641110896969342,0.2222222222222222
O00560,O15085,0,0.5770982249414625,5.021145345692852,1.5222731225141835,0.14182528875067363,1.0,0.4274327814720289,0.1369462558518638,1.0,0.3307820344122919,0.058403347432059736,0.14285714285714285
Q15431,O75044,0,0.32943000926713983,0.4117875115839247,0.3706087604255322,0.1094449218314654,0.2237349181378638,0.1625856115490459,0.14986271377103882,0.2592382584528548,0.20041332722664504,0.006005616589570185,0.1
Q9HCU9,Q16478,0,0.26305849811964643,0.9353191044254094,0.5261169962392929,0.05763150410054074,0.42585190602570955,0.156157632301979,0.09445891114569428,0.2839248803336498,0.1492237154287147,0.0044856722405065405,0.05084745762711865
P05108,Q9NS75,0,0.10993088297457868,0.9353191044254094,0.33677665400233353,0.07713187946694731,1.0,0.27926375893389466,0.13675856453572563,1.0,0.3314114182281237,0.010221732816267658,0.10714285714285714
Q15070,Q5BJF6,0,0.285303215054343,0.9353191044254094,0.5191329911606953,0.17696226911014468,1.0,0.4269622691101447,0.2217876186034182,1.0,0.4627259290096628,0.018769269570373594,0.21428571428571427
Q9Y2G5,Q86WU2,0,0.7224464782058629,1.8061161955146574,1.2642813368602601,0.06702124652255996,0.1675531163063999,0.11728718141447994,0.05888611786409801,0.08085309391765641,0.0698696058908772,0.014159903488048827,0.07692307692307693
P59536,Q96QU1,0,0.13726250386130823,0.4117875115839247,0.27452500772261645,0.05005207166484028,0.15015621499452084,0.10010414332968055,0.11828544162466477,0.1766405863984135,0.14746301401153913,0.00921347038870585,0.14285714285714285
P38117,Q8IYK4,0,0.23382977610635236,0.9353191044254094,0.4676595522127047,0.25,1.0,0.5,0.3175468747815798,1.0,0.5526685684029754,0.024634367990911447,0.23076923076923078
Q643R3,P26006,0,0.0,0.0,0.0,0.0,0.0,0.0,0.06435554955074864,0.10240214106363994,0.07996220185332609,0.0,0.030303030303030304
Q96S21,Q8N4V1,0,0.05490500154452329,0.4117875115839247,0.1784412550197007,0.016071567798808688,0.13472027185651012,0.05365094668267273,0.08365017334938152,0.15899141771332734,0.11522386133747126,0.002581976719900869,0.05263157894736842
Q92674,Q8IZS6,0,0.4676595522127047,0.9353191044254094,0.7014893283190571,0.5,1.0,0.75,0.5631810665801343,1.0,0.7815905332900672,0.1838915145078891,0.75
Q14512,Q9BT78,0,0.40221810310751915,0.9353191044254094,0.6360478792138715,0.19993210864768235,1.0,0.44993210864768235,0.21239695468200692,1.0,0.4513004335064639,0.021647058629416908,0.2
P61026,Q5DT21,0,0.3024610280370065,0.9353191044254094,0.5362908041433588,0.1373134638241568,1.0,0.38731346382415677,0.17784950282052717,1.0,0.41815098351621294,0.007224339179629504,0.06976744186046512
P48061,Q9NPJ8,0,0.9353191044254094,0.9353191044254094,0.9353191044254094,0.3830622318072728,1.0,0.6915311159036364,0.29255591169924944,1.0,0.6462779558496248,0.016145843463318203,0.15789473684210525
P54709,O60443,0,0.2345192170124345,0.9353191044254094,0.48021284215062504,0.10359614196831196,1.0,0.3234230062057786,0.14605582744020199,1.0,0.3507404994837234,0.006622318567159331,0.075
Q12967,Q9BRX9,0,0.3117730348084698,0.9353191044254094,0.6235460696169396,0.3333333333333333,1.0,0.6666666666666666,0.42621711501871434,1.0,0.7131085575093572,0.05634804582311297,0.375
Q9Y4R8,Q13889,0,0.3160261052424279,0.9353191044254094,0.5269787973718956,0.13803889978440598,1.0,0.3583925131967323,0.17721771055222188,1.0,0.38172577521947365,0.017599262006747357,0.14285714285714285
P21802,Q6P582,0,0.4536915420555097,0.9353191044254094,0.6945053232404595,0.22973489918375437,1.0,0.6148674495918772,0.252595596950272,1.0,0.626297798475136,0.00887588133559389,0.075
Q8TDX6,P19419,0,0.04289453245665883,0.4117875115839247,0.16299922333530353,0.014605452425958286,0.2249008255912768,0.06255809274381459,0.08756289761358309,0.26052708478865355,0.13684689777716197,0.0026749446730002613,0.05263157894736842
Q04637,Q9ULP9,0,0.29001069878106306,0.9353191044254094,0.5238404748874155,0.12736979807665377,1.0,0.3773697980766538,0.17113807634966383,1.0,0.4098856540022887,0.009526360108662047,0.08333333333333333
P55884,Q9BUE0,0,0.6946987975913987,4.252774743895319,1.991722259671581,0.2457728078380864,1.0,0.7319859372052347,0.2716435136865122,1.0,0.6313780291606936,0.09517953804696473,0.26666666666666666
Q8NC51,Q9UQD0,0,0.4366209612357251,1.9337621767593256,1.0259833268275798,0.1521799316573983,1.0,0.4333572395826921,0.1632864534912935,1.0,0.35084874232537877,0.018976843575062317,0.09302325581395349
Q8NEZ4,Q8N6T3,0,0.27702885989950404,2.7266284273483166,0.9114824585937868,0.13106212031090497,1.0,0.4835363457247863,0.20070691582441255,1.0,0.5320414929241822,0.06903684760574477,0.1794871794871795
Q8TF74,P49643,0,0.43413632783543676,0.9353191044254094,0.684727716130423,0.21507551263147123,1.0,0.48488202179212225,0.23213221208792995,1.0,0.47244228619644296,0.013126510782968172,0.12
O60939,Q12772,0,0.0,0.0,0.0,0.0,0.0,0.0,0.08093306138839,0.13658469054569355,0.10309935313925313,0.0,0.02040816326530612
Q9NPA1,P78345,0,0.0,0.0,0.0,0.0,0.0,0.0,0.07297396591868278,0.11022595218416757,0.09021670937580645,0.0,0.021739130434782608
P04196,O15520,0,1.0255849358533957,6.0199931042072565,2.9262813913544807,0.19228697673631548,1.0,0.6246428537439863,0.13533339083636856,1.0,0.39752319830994604,0.14653233433979457,0.225
Q92968,Q9HBM1,0,0.9353191044254094,0.9353191044254094,0.9353191044254094,1.0,1.0,1.0,1.0,1.0,1.0,1.0,1.0
P60520,Q14008,0,0.8885884777564189,5.44576596909077,1.8530775031262268,0.1992311681846092,1.0,0.5116853752952035,0.1560743887186647,1.0,0.44477614243908675,0.1575214496605977,0.2727272727272727
Q96EY7,Q5TCM9,0,0.5426704097942959,0.9353191044254094,0.7389947571098526,0.26014368501871,1.0,0.5296274871590139,0.25738218403615676,1.0,0.502715501737905,0.030678706778604837,0.25
P41182,Q9Y2X7,0,0.4730093433497981,3.5779096081728228,1.5140837742606132,0.1595700504051061,1.0,0.5699228977339182,0.19175484872423737,1.0,0.5127700971479849,0.11769075002593922,0.22857142857142856
Q9BSB4,Q9Y4H2,0,0.7608085734782479,0.9353191044254094,0.8480638389518287,0.23245279925140153,1.0,0.4537522317799969,0.17965444564475905,1.0,0.39122286952907825,0.021229947989110647,0.2
P21675,Q8WW27,0,0.45259934212841113,2.2200873968998165,1.384154970607044,0.10800945139296343,1.0,0.4463030132886039,0.12085216962911079,1.0,0.3136597660042803,0.018545934453498843,0.07142857142857142
Q8TDR0,Q9UJQ4,0,0.5388426464037337,0.9353191044254094,0.7370808754145716,0.24241153919897088,1.0,0.49835099836965846,0.2491045223153833,1.0,0.4825582970859428,0.017993246632909535,0.12
Q9HBG6,P01730,0,0.5775904351872834,0.9353191044254094,0.7564547698063464,0.22716724656300413,1.0,0.6135836232815021,0.21901512265010445,1.0,0.6095075613250522,0.008296659592659858,0.08823529411764706
P18509,Q8WYP3,0,1.1883468343159036,4.004686124863296,2.4499679389510716,0.16355909397232454,0.6091802752125138,0.3651499986732811,0.1022207556906972,0.16290852091934857,0.12834618084113295,0.05814241683441651,0.125
P13196,Q9NSA3,0,0.570606430108686,0.9353191044254094,0.7529627672670477,0.20106765698712648,1.0,0.4304877705517799,0.18167945337921187,1.0,0.39585895858191067,0.012436104497456519,0.13043478260869565
Q02447,P02461,0,0.3526902286539658,3.5779096081728228,1.1215860247865486,0.10234918734709941,1.0,0.3976275170113388,0.1402079375499227,1.0,0.3667257709738016,0.10689792641654158,0.2222222222222222
Q9BSF4,P52594,0,0.43413632783543665,0.9353191044254094,0.684727716130423,0.32805626079314487,1.0,0.6640281303965725,0.37560131673141406,1.0,0.687800658365707,0.02561158537312243,0.16666666666666666
Q16531,P29460,0,0.5455678675109672,3.5779096081728228,1.0600800793947824,0.1199877414410236,1.0,0.3778911159236637,0.12408182122117684,1.0,0.35203915005413355,0.027628142459246833,0.1111111111111111
Q9NZL9,P25205,0,0.2869410167512343,0.9353191044254094,0.5269787973718955,0.13710882388870127,1.0,0.3751338804193149,0.1711865191689426,1.0,0.3822524323261402,0.010100557366338348,0.08333333333333333
Q9NYH9,Q9H269,0,0.6735533080046672,0.9353191044254094,0.8044362062150383,0.3040067434391141,1.0,0.5407712816612698,0.2735344957171199,1.0,0.5076140168700154,0.03888933537839223,0.2727272727272727
Q9NV58,P19388,0,0.5064324058590866,2.7315912166904455,1.2747165762716897,0.186842794064249,1.0,0.4989768720413332,0.19992234023795993,1.0,0.40578766391770155,0.05025071506112772,0.16666666666666666
P42566,Q9UKF6,0,0.4114891362827487,2.7266284273483166,1.024308833458712,0.14779658521625477,1.0,0.44164168368927026,0.16032415499730182,1.0,0.3564984320134671,0.09601881720342709,0.2413793103448276
P47813,O15457,0,1.143423053082996,2.276855059575498,1.713014675427561,0.29421494401324766,1.0,0.6062004305836137,0.19703657987541012,1.0,0.4035578401055512,0.04784125298909748,0.15625
A8K8P3,Q12768,0,0.9353191044254094,0.9353191044254094,0.9353191044254094,0.6388074682909297,1.0,0.8194037341454649,0.5852135781130158,1.0,0.7926067890565078,0.12972570323993715,0.6
P17980,P13196,0,0.8121003673101431,3.45737747009194,2.3689544054439433,0.2588142751024429,1.0,0.7057797694782175,0.24342054549150216,1.0,0.5750406928769173,0.1252089274719026,0.2702702702702703
P56945,Q16270,0,0.6235460696169396,0.9353191044254094,0.7794325870211745,0.23536234038056675,1.0,0.4709013814629245,0.2191643307262839,1.0,0.4398222159364912,0.028147179278924597,0.25
Q01130,Q92572,0,0.5388426464037337,0.9353191044254094,0.7370808754145716,0.3043962579960388,1.0,0.6521981289980194,0.3214153254870652,1.0,0.6607076627435327,0.02323691626160458,0.1875
Q9BZQ4,Q9BRX9,0,0.13726250386130823,0.4117875115839247,0.27452500772261645,0.05766381286257056,0.17299143858771168,0.11532762572514112,0.1239301575049961,0.20254354815259673,0.1632368528287964,0.004546518150248988,0.08
Q13043,Q9C0C7,0,0.45648514408694896,0.9353191044254094,0.6959021242561791,0.15125904730513612,1.0,0.3873166057566534,0.1599278936427163,1.0,0.36058575773010415,0.0076367316381250085,0.06382978723404255
P46781,O95999,0,0.29404568483253746,0.9353191044254094,0.5580429006258769,0.09132367157689,1.0,0.282264597940748,0.12345332029023837,1.0,0.2822121594871692,0.008305519349375212,0.08333333333333333
P31944,P10586,0,0.7768860193866048,2.8224337792350545,1.7916211763566512,0.13124615288108699,0.45566787104255163,0.331293086503495,0.10354868514217799,0.2132353615478721,0.14767860206307803,0.061414917004376415,0.2
P51452,Q9NRR4,0,0.5403226461984668,3.7722162477082057,2.1038421575547606,0.10158764896818893,1.0,0.4095730267311395,0.1032865584392021,1.0,0.2347965965375966,0.05440365957120076,0.14285714285714285
O95167,O43172,0,0.29314902126554315,0.9353191044254094,0.5269787973718956,0.19460069294753293,1.0,0.4446006929475329,0.23735254620989688,1.0,0.4769990592676585,0.011482087223765047,0.11538461538461539
P56181,Q9Y5K6,0,0.3710922799676606,0.9353191044254094,0.6009991529684129,0.14096138143425344,1.0,0.3622414794176186,0.16007086659796912,1.0,0.36129779871682166,0.00839068337241402,0.08333333333333333
Q96PP9,Q96MG7,0,0.9676944299676734,4.112023103297309,1.94422676684401,0.35912793236279583,1.0,0.7451393009846727,0.32685466529429785,1.0,0.6611736643227141,0.05822919964296667,0.14285714285714285
P98077,Q9BS18,0,0.9353191044254094,0.9353191044254094,0.9353191044254094,0.5274634527390489,1.0,0.7637317263695245,0.4540351610024525,1.0,0.7270175805012262,0.04471699181514422,0.3333333333333333
Q13601,O14641,0,0.5773314068611433,0.9353191044254094,0.7376276987560804,0.23764878257129815,1.0,0.48609459910328956,0.2237777838672843,1.0,0.46296717052957015,0.021076470829591874,0.16666666666666666
P80162,Q07065,0,0.4117875115839247,0.4117875115839247,0.4117875115839247,0.10752065627716453,0.19164556023658352,0.14958310825687404,0.12704074463818993,0.22352305829439068,0.1752819014662903,0.004532323126216296,0.09090909090909091
O43653,O95347,0,0.6735533080046671,0.9353191044254094,0.8044362062150383,0.13173790177333644,0.1969858333171478,0.16436186754524212,0.09776630205913553,0.11593302161178909,0.10684966183546231,0.02203255270958294,0.15
P52594,O15164,0,0.40798953613344985,2.745711241764757,1.3474531252801256,0.11634636824209711,1.0,0.4097566420987393,0.14294679553576917,1.0,0.3237435717911058,0.07178433835644801,0.16393442622950818
P32246,Q96LW4,0,0.2927371178032868,1.8061161955146574,0.8781518320326578,0.0687591193776042,1.0,0.279792068345173,0.10074430459380529,1.0,0.25521328957795264,0.012959617119613931,0.0851063829787234
Q9Y6K9,Q9Y570,0,0.5350053220385805,3.23423391877773,1.162783368139706,0.11630690749747516,1.0,0.3425384976586588,0.10503552540984804,1.0,0.242668040756548,0.01929867208415867,0.0851063829787234
Q86YC2,Q9H7D0,0,0.224517769334889,0.9353191044254094,0.49266317140656846,0.20395581968964396,1.0,0.4726003962011326,0.289740120127922,1.0,0.5256913454823283,0.029822040654098096,0.21428571428571427
Q9UHA3,P25774,0,0.32432632474639017,0.9353191044254094,0.5462922518209044,0.07104374085194227,0.2234297302170487,0.12672025347018767,0.09679935397028287,0.13330240682714584,0.11486047424662926,0.014859953815997744,0.13636363636363635
P07205,Q93088,0,1.1952943350816798,2.7315912166904455,2.4332139884792454,0.19589795635355345,0.5394332933180339,0.39621314334978097,0.09499055328863022,0.20872428291590653,0.13365143623897693,0.07090271504831112,0.1875
P21781,P10176,0,0.42403191947591434,0.9353191044254094,0.6578616955822667,0.16708037175919643,1.0,0.41708037175919643,0.17361880753938655,1.0,0.4147717877826945,0.008345153180043719,0.08823529411764706
P49591,Q9NRW7,0,0.5566384199514909,0.9353191044254094,0.7459787621884502,0.3028917207920269,1.0,0.6514458603960135,0.293489977775019,1.0,0.6467449888875095,0.008673312847954808,0.07142857142857142
Q5TAP6,P60660,0,0.26942132320186685,0.9353191044254094,0.6023702138136382,0.23003124299890415,1.0,0.6150156214994521,0.30308136733510443,1.0,0.6515406836675522,0.02972030929219028,0.23076923076923078
P53708,Q92750,0,0.3088406336879435,0.4117875115839247,0.36031407263593407,0.08264307548042905,0.15049778942200234,0.1165704324512157,0.1201623370678934,0.17702985744286875,0.1485960972553811,0.006408060384775008,0.1111111111111111
P30876,Q9BRJ2,0,0.8430216945513745,3.362067290287615,1.7408879311222345,0.3089584870457093,1.0,0.743265740238455,0.2993687915458198,1.0,0.7162880161084167,0.08920348601045779,0.23076923076923078
P33981,O15105,0,0.26497885421365747,2.2200873968998165,0.7261693867532466,0.0756763301020456,1.0,0.30207367371485644,0.11205180131124003,1.0,0.2735439065584707,0.028675124787577604,0.10638297872340426
P08069,Q07955,0,0.46865723630064016,1.9337621767593256,1.0535672850162767,0.10953388927292289,1.0,0.3816929758317634,0.11380119226685736,1.0,0.28576533869151527,0.013477215958724042,0.07547169811320754
Q9Y258,Q8WUM0,0,0.4676595522127047,0.9353191044254094,0.7014893283190571,0.19795422050710149,1.0,0.4479542205071015,0.19532931827189967,1.0,0.4352664233004084,0.01609092437150999,0.16666666666666666
Q9Y4X3,P09455,0,0.5426704097942959,0.9353191044254094,0.7389947571098526,0.16477306072036937,1.0,0.39348679340907855,0.16022774619129873,1.0,0.37222554893237736,0.010320159050046861,0.12
Q9UBD9,O00483,0,0.3367766540023336,0.9353191044254094,0.6360478792138715,0.13648947906037542,1.0,0.3664489089477352,0.15817855218714674,1.0,0.3529262687991158,0.008726663263268273,0.09090909090909091
Q8NFW9,P50993,0,0.4785762287271483,2.7266284273483166,1.111984832598247,0.10732139077945631,1.0,0.35593675961689564,0.11161102922552388,1.0,0.26438347725035855,0.03460653341234367,0.10144927536231885
P42262,Q02447,0,0.11645475472252652,0.9353191044254094,0.30148356099683105,0.049314219935769885,1.0,0.2079181954246822,0.1283930154493962,1.0,0.28105000475884223,0.006103661998060867,0.05660377358490566
Q6FIF0,O43914,0,0.7527894161347561,2.7266284273483166,1.3177049860509507,0.2846424933738748,1.0,0.6075469100326638,0.2412601536891217,1.0,0.46648069155022415,0.24103159533912244,0.4375
Q05682,Q9BSM1,0,0.5862980425310861,0.9353191044254094,0.7608085734782479,0.19142743284091843,1.0,0.41619931378929964,0.17410844606396433,1.0,0.3822538396625753,0.02030165072254291,0.17647058823529413
P29460,P39656,0,0.7654105318699638,4.004686124863296,1.9153828296989213,0.21494507558800677,1.0,0.6308815172411171,0.1799138781378101,1.0,0.4497841426226722,0.06105996367504273,0.1724137931034483
P48454,Q9UPM8,0,0.22824257204347437,0.9353191044254094,0.46207234814982673,0.15017062829949607,1.0,0.40017062829949607,0.2010179196744782,1.0,0.43892182277797204,0.0160087362331858,0.14285714285714285
Q96B45,O43307,0,0.4676595522127047,0.9353191044254094,0.7014893283190571,0.5,1.0,0.75,0.5652862515467584,1.0,0.7826431257733792,0.05634804582311297,0.375
Q6P1K2,Q9UQR0,0,0.5072057156521653,0.9353191044254094,0.6921773215475937,0.20229157873534817,1.0,0.4380441259956295,0.213258020251334,1.0,0.43312278399834947,0.023002757273781108,0.21428571428571427
P57081,P51805,0,0.1558865174042349,0.9353191044254094,0.38971629351058723,0.16666666666666666,1.0,0.41666666666666663,0.24685051614718911,1.0,0.4840295164264974,0.015118274602501825,0.15789473684210525
O95665,Q9Y678,0,0.0,0.0,0.0,0.0,0.0,0.0,0.10380021022168695,0.16638192520247788,0.12965425062238536,0.0,0.08333333333333333
Q13163,Q08431,0,0.15105782846774313,0.9353191044254094,0.3454970607772473,0.03304902126866515,0.2637880391964285,0.08790674138785406,0.08897134782688591,0.16075086926231755,0.11437318044716258,0.008352131144261947,0.07142857142857142
P62913,Q14566,0,0.496049907746703,2.276855059575498,1.1323702538640423,0.12612316028320164,1.0,0.38124389610155895,0.12634938037591165,1.0,0.2880430635923068,0.024261886581733866,0.09803921568627451
Q14527,P78509,0,0.4823247713200958,2.7452526313462626,1.5728240716352797,0.10520480859703002,0.764580995447706,0.35843988656616027,0.11055185196254812,0.3732610705998328,0.18759181430297944,0.06695311514611124,0.14516129032258066
Q16553,P07996,0,0.3317759301635608,0.9353191044254094,0.5656057062699131,0.11257422043848352,1.0,0.36257422043848353,0.12827462781567883,1.0,0.370522081795583,0.005541504614232802,0.06818181818181818
P0C5Y9,O00541,0,0.8098873683894344,2.276855059575498,1.4070371535976989,0.2534741494728294,0.7455591415527033,0.4486178187982037,0.18996783247392612,0.39153219034724995,0.2702535513629469,0.17968637588537448,0.45454545454545453
Q9Y2G2,Q9HCB6,0,0.8116903125385395,4.487370788941317,1.8138476542921769,0.1733387963339223,1.0,0.44773212529050127,0.15025491283808737,1.0,0.3398919949548177,0.0491320057251435,0.16
O75496,Q75N03,0,0.32330558784224017,0.9353191044254094,0.5500170545294897,0.12796493732688893,1.0,0.3374114685329306,0.16467560182036384,1.0,0.34872055347555153,0.013449704336288898,0.10714285714285714
Q6ZMJ4,Q68DV7,0,0.8065720461749368,3.2692317850119967,1.804510647534808,0.1888439777912849,1.0,0.4660195811682659,0.16101697379082747,1.0,0.3475028959961527,0.04152580709775852,0.14285714285714285
P20674,Q6NUI2,0,0.45152904887866435,1.8061161955146574,1.1288226221966609,0.052936031866969706,0.2240446047763812,0.13387763933098706,0.07438923596170993,0.0977704013501472,0.084859488058637,0.011335836762737233,0.06060606060606061
Q9Y303,Q7Z589,0,0.3367766540023336,0.9353191044254094,0.6360478792138715,0.2229913714844069,1.0,0.509575579705337,0.2488023771529834,1.0,0.4982240306005465,0.0226250767507578,0.2
Q53GS7,P31994,0,0.32687816700676486,0.9353191044254094,0.5438433702425064,0.10272447999701072,1.0,0.3016081306287167,0.13331611912230776,1.0,0.31029915747426284,0.010331605032893305,0.12
Q2M1Z3,Q15797,0,0.285303215054343,0.9353191044254094,0.5191329911606953,0.051139893891772335,0.2603148478180448,0.11621860584628355,0.09192677702278278,0.15834254245756058,0.12096482679596415,0.007975734594299046,0.07142857142857142
P09874,Q9UNW1,0,0.3999773285281531,2.7452526313462626,1.4235689036075447,0.06784564486985069,1.0,0.3140752917716147,0.08623595939751465,1.0,0.2168966078668829,0.01997410668751748,0.09090909090909091
P14616,P07686,0,0.6374378955053276,2.7315912166904455,1.5448567865104783,0.1334900369138171,1.0,0.4235426513390982,0.12423953382323073,1.0,0.2946462631033512,0.029177267392211194,0.10869565217391304
P08047,Q6UXN9,0,0.31009737702531187,0.9353191044254094,0.5131834727654606,0.10543976321461355,1.0,0.3090071474609651,0.1395941939628407,1.0,0.3286891923506917,0.006230574559124807,0.058823529411764705
Q9Y6X3,P19013,0,0.6735533080046671,0.9353191044254094,0.8044362062150383,0.5991221936876227,1.0,0.7995610968438114,0.6154529856475073,1.0,0.8077264928237536,0.11691139117639934,0.42857142857142855
P48735,O75469,0,0.5022588471468508,2.7266284273483166,1.3323921814218171,0.09707080159131666,0.5374169534161315,0.2529286659173233,0.092275910188487,0.17562639090721957,0.12307889102252893,0.06679475226742096,0.15217391304347827
Q96LT7,P49279,0,0.1039243449361566,0.9353191044254094,0.38971629351058723,0.029211508909800406,0.3369008676922227,0.11570959903708644,0.08741275745338037,0.2135907660607866,0.12717306073155965,0.008712865352181893,0.09375
Q9P0W2,O75907,0,0.224517769334889,0.9353191044254094,0.49266317140656846,0.14852961356481975,1.0,0.4247547217032751,0.21074431857909692,1.0,0.459772134993914,0.02276833542442479,0.2
Q06455,P61266,0,0.5469092764665681,4.331351997231338,1.5119430588829401,0.1836904858030013,1.0,0.515523222149467,0.18500732559479716,1.0,0.38452525200313886,0.1343687452701995,0.22727272727272727
Q06136,Q92759,0,0.16838832700116677,0.9353191044254094,0.40221810310751915,0.14978054842190566,1.0,0.3997805484219057,0.21015678620282732,1.0,0.4489684697428884,0.01763738939288613,0.16666666666666666
P12319,O43172,0,0.3326951847050037,0.9353191044254094,0.5176667906004322,0.14812423496657437,1.0,0.3741257179737049,0.19304490485793535,1.0,0.4134022847623155,0.02083873885666357,0.2
P12272,Q8IY92,0,0.44196992893538445,4.004686124863296,1.3909050260325826,0.14265073203856926,1.0,0.4794215012580678,0.1565950066965825,1.0,0.37503905774585766,0.04692712364023861,0.13157894736842105
P12829,Q7LGC8,0,0.0,0.0,0.0,0.0,0.0,0.0,0.06154724188327728,0.08375764159725362,0.07110864546400973,0.0,0.041666666666666664
P08913,O76024,0,0.760427870355513,3.5779096081728228,1.618750384025984,0.14569165057605213,1.0,0.40359391567795927,0.10569802423573998,1.0,0.25007244335960754,0.03574354131839371,0.11904761904761904
P61009,A6H8Y1,0,0.4676595522127047,0.9353191044254094,0.7014893283190571,0.08531874112692071,0.17063748225384143,0.12797811169038106,0.08270625126729125,0.09908831629498897,0.09089728378114012,0.030400004339892997,0.2727272727272727
Q8N1K5,Q658P3,0,0.33677665400233353,0.9353191044254094,0.6360478792138715,0.3062252063978192,1.0,0.6531126031989096,0.3569285463700208,1.0,0.6784642731850103,0.021430440207219657,0.21428571428571427
Q9NZH6,P18433,0,0.3117730348084698,0.9353191044254094,0.6235460696169396,0.16525933073451793,1.0,0.4145556627684435,0.19782227619325962,1.0,0.41911117437517154,0.012368680525967944,0.11538461538461539
P04179,Q12905,0,0.6256269243822363,2.745711241764757,1.4847170994682761,0.21985695383162107,1.0,0.622391348465988,0.20955992074537624,1.0,0.5277960228766039,0.09806192111281439,0.2727272727272727
Q9Y262,Q9P2E5,0,0.0,0.0,0.0,0.0,0.0,0.0,0.0773437259926401,0.11152109835154739,0.09181286017319978,0.0,0.05263157894736842
P61009,O95777,0,0.29314902126554315,0.9353191044254094,0.5269787973718956,0.21317558160481198,1.0,0.463175581604812,0.2812538421632121,1.0,0.513052069403446,0.037647441235035585,0.25
Q969L4,P63096,0,0.6690713077808048,1.9337621767593256,1.2689392315677956,0.1391254952312989,1.0,0.3848127973218993,0.12169359699079373,1.0,0.3133337122491883,0.01934570735343855,0.1
Q9NYV7,Q15022,0,0.16216316237319506,0.9353191044254094,0.3991312609640275,0.07522233189438107,1.0,0.2795001645082383,0.1378783097627497,1.0,0.3319193723488323,0.006042904486133439,0.06
P20933,P23786,0,0.9066426540537821,1.8061161955146574,1.515850498484908,0.23695900655993446,1.0,0.5661094113649832,0.21222201531499288,1.0,0.42239071253094884,0.03534160300242235,0.2222222222222222
Q16526,Q9GZQ3,0,0.5269787973718956,0.9353191044254094,0.7311489508986525,0.23108319660601806,1.0,0.615541598303009,0.22345145692725812,1.0,0.611725728463629,0.006765266668714009,0.06818181818181818
O94941,Q16621,0,0.3356770035821361,0.9353191044254094,0.5309017004774956,0.12677775199411243,1.0,0.3257720768638984,0.16429083176701298,1.0,0.3441621732622899,0.010591147468705887,0.08333333333333333
Q92619,O75191,0,0.29243054538708235,2.2200873968998165,0.808660384230593,0.09451822799887309,0.6776726134021461,0.254722777565334,0.13667441126521754,0.32134508395015676,0.1993700385082008,0.03987215679664222,0.11764705882352941
Q8IYB8,Q9HCB6,0,0.28286503662981194,2.2200873968998165,0.7776451077439499,0.0997137483164624,1.0,0.3596407732772665,0.1399250738872726,1.0,0.3245863051305935,0.03405392506954808,0.11904761904761904
P01920,Q9BTW9,0,0.3367766540023336,0.9353191044254094,0.5752624334944175,0.14135292094303575,1.0,0.3684252705526063,0.16905973279380368,1.0,0.37970816781327993,0.013703813971571778,0.13636363636363635
P05164,O43294,0,0.3500870256363915,2.7266284273483166,0.8701023754283121,0.10664303676591937,1.0,0.384125418571874,0.14642694413465965,1.0,0.40211819943298677,0.07107326112585852,0.2
Q16816,P01112,0,0.5562591121016981,3.5938504345661144,1.9296426812556553,0.11974089389529663,0.798334555376544,0.43282252606856386,0.1179546511234687,0.3551554473874033,0.20775998832485792,0.23683243354243447,0.37209302325581395
Q9UKY4,O60216,0,0.13726250386130823,0.4117875115839247,0.27452500772261645,0.05599139875984288,0.2249008255912768,0.12147056907164379,0.12324654658745932,0.26052708478865355,0.1750363025466684,0.007793316372825763,0.125
Q9HBG6,Q86XF0,0,0.27452500772261645,0.4117875115839247,0.34315625965327057,0.07855317674458033,0.13294640705221497,0.10574979189839764,0.11994671728342639,0.15695594363094711,0.13845133045718674,0.005737859639191073,0.10526315789473684
P42765,Q969U6,0,0.19244380228704774,0.9353191044254094,0.5638814533562286,0.11696679106258077,1.0,0.4205334677025122,0.16971104827709646,1.0,0.4248384329424294,0.010928071764072282,0.12
O94907,P02747,0,0.9353191044254094,0.9353191044254094,0.9353191044254094,0.3785702385477506,1.0,0.6892851192738754,0.30673618314990303,1.0,0.6533680915749516,0.017765452135280954,0.1875
P02549,Q99704,0,0.570606430108686,0.9353191044254094,0.7529627672670477,0.3571423997378164,1.0,0.6785711998689082,0.36677661983459686,1.0,0.6833883099172984,0.030106621234414675,0.21428571428571427
Q9NQ38,O95644,0,0.0,0.0,0.0,0.0,0.0,0.0,0.08166839411897905,0.11839731943520605,0.10003285677709256,0.0,0.024390243902439025
P57764,P15090,0,1.8399915131516549,4.034196463012684,2.884322455430416,0.2475971850608707,0.5761329095968448,0.41167411607699833,0.09573111192699267,0.14417527091689725,0.1274673985556361,0.06824180298951153,0.2
P02760,O60542,0,0.6826585127996501,3.3452176919899186,1.4686423133427275,0.12461762157961365,0.533399661137689,0.30841721320108617,0.09243565448060713,0.2999478678079998,0.1564739382096591,0.018777490243623934,0.08333333333333333
Q96KB5,P09016,0,0.34932315337662856,1.9337621767593256,0.9200189630400406,0.13615046718159077,1.0,0.4058925997073455,0.17491136615244426,1.0,0.3509737079946137,0.022699880199193955,0.09302325581395349
Q6UXV4,O75807,0,0.5611914626552457,0.9353191044254094,0.7482552835403276,0.3115342475389937,1.0,0.6557671237694969,0.311818025772233,1.0,0.6559090128861165,0.017063882932784973,0.17647058823529413
Q9H9Y2,Q99538,0,0.19543268084369542,0.9353191044254094,0.4490355386697781,0.04015913989820172,0.2266178007724556,0.0980083433093785,0.10628484672287003,0.16707184879770506,0.13264666484179105,0.02460005528967245,0.1875
P46531,P47914,0,0.31587136466300436,2.276855059575498,0.8102129310514963,0.07229991521207593,0.46653911627028954,0.19042008301205082,0.10726379387521895,0.22352305829439068,0.15226001536979278,0.03752379263101182,0.1282051282051282
Q969H0,P02585,0,0.6229595893928346,0.9353191044254094,0.7660510570880847,0.1515835160212313,1.0,0.3464296680852047,0.13072946653385362,1.0,0.30052664139692453,0.009324586833046575,0.0967741935483871
Q9NP61,P07359,0,0.224517769334889,0.9353191044254094,0.45834754544124134,0.20415013759854614,1.0,0.45415013759854617,0.27009375613234365,1.0,0.504371469376578,0.015469005936702713,0.13636363636363635
P35499,O96000,0,1.5222884638719048,4.297226506466153,2.8304248665947953,0.3644387830909405,1.0,0.7679632094260977,0.2754573556457203,1.0,0.5097232134377603,0.16990403105118929,0.2903225806451613
P07550,Q9Y625,0,0.49766389524534127,0.9353191044254094,0.7164914998353753,0.2328263193506938,1.0,0.6164131596753469,0.24012399418695313,1.0,0.6200619970934765,0.008897043036301285,0.0967741935483871
Q9UJX6,Q92831,0,0.49026901823012914,3.23423391877773,1.3696268654284323,0.1475444144714255,1.0,0.5148583560520958,0.15594637007667342,1.0,0.4089858213674791,0.019315092373876037,0.0784313725490196
O15117,O75347,0,0.6212001487205183,0.9353191044254094,0.7520830469308899,0.21184743948224027,1.0,0.42339988304931236,0.18943896338106403,1.0,0.3848456906430515,0.03180045006862875,0.23076923076923078
Q99633,Q13191,0,0.6521216344099268,0.9353191044254094,0.7937203694176681,0.2900192408146813,1.0,0.6450096204073407,0.2759440137479701,1.0,0.637972006873985,0.01113647514117913,0.1
